﻿pos_x,pos_y,rotation,side,designator,mpn,pack,footprint,value,mount_type,place
120.9294,-85.598,180.0,top,C1,,,CP_Elec_5x5.3,10uF,smt,True
120.9294,-94.742,180.0,top,C2,,,CP_Elec_5x5.3,22uF,smt,True
127.508,-89.867,90.0,top,C3,,,C_1206_3216Metric,0.1uF,smt,True
127.508,-95.328,90.0,top,C4,,,C_1206_3216Metric,0.1uF,smt,True
121.544,-104.648,180.0,top,D1,,,LED_D3.0mm,LED,tht,True
132.842,-129.54,90.0,top,D2,,,SK55-DO214AA,40V 2A,smt,True
143.979,-117.094,180.0,top,D3,,,SK55-DO214AA,40V 2A,smt,True
143.672,-123.317,0.0,top,J1,,,BarrelJack_Wuerth_6941xx301002,Barrel_Jack,tht,True
118.364,-134.112,180.0,top,J2,,,PinHeader_1x06_P2.54mm_Vertical,Conn_01x06_Pin,tht,True
155.067,-134.097,180.0,top,J4,,,PinHeader_1x03_P2.54mm_Vertical,Conn_01x03_Pin,tht,True
163.322,-129.159,0.0,top,J5,,,PinHeader_1x03_P2.54mm_Vertical,Conn_01x03_Pin,tht,True
156.7434,-120.65,-90.0,top,R1,,,R_0805_2012Metric_Pad1.20x1.40mm_HandSolder,10K,smt,True
120.1674,-111.379,180.0,top,R2,,,R_0805_2012Metric_Pad1.20x1.40mm_HandSolder,390,smt,True
161.6964,-120.65,90.0,top,R3,,,R_0805_2012Metric_Pad1.20x1.40mm_HandSolder,10K,smt,True
135.3794,-106.934,-90.0,top,R4,,,R_0805_2012Metric_Pad1.20x1.40mm_HandSolder,220,smt,True
135.3794,-112.014,90.0,top,R5,,,R_0805_2012Metric_Pad1.20x1.40mm_HandSolder,470,smt,True
125.984,-127.65,0.0,top,S1,EG1218,,PinHeader_1x03_P2.54mm_Vertical,Slide Switch,tht,True
159.2834,-111.252,90.0,top,SW1,,,SW_SPST_PTS645,SW_SPST,smt,True
159.2834,-96.012,-90.0,top,SW2,,,SW_SPST_PTS645,SW_SPST,smt,True
140.9954,-90.805,0.0,top,U1,,,XCVR_ESP32-WROOM-32E__4MB_,ESP32-WROOM-32E,smt,True
159.2834,-84.582,180.0,top,U2,AD5231BRUZ10,TSSOP-16,SOP65P640X120-16N,AD5231BRUZ10,smt,True
143.7614,-109.601,90.0,top,U3,,,SOT-223-3_TabPin2,LM317_SOT-223,smt,True
