﻿Designator,Quantity,Value,Footprint,Package,MPN,DNP,Mount_Type,Description,Sim.Device,Sim.Pins,Digi-Key_PN,Category,Family,DK_Datasheet_Link,DK_Detail_Page,Description_1,Manufacturer,Status,MF,Price,OC_FARNELL,SnapEDA_Link,MP,Purchase-URL,SUPPLIER,OC_NEWARK,Availability,Check_prices
C1,1,10uF,CP_Elec_5x5.3,,,,smt,Polarized capacitor,,,,,,,,,,,,,,,,,,,,
C2,1,22uF,CP_Elec_5x5.3,,,,smt,Polarized capacitor,,,,,,,,,,,,,,,,,,,,
"C3, C4",2,0.1uF,C_1206_3216Metric,,,,smt,Unpolarized capacitor,,,,,,,,,,,,,,,,,,,,
D1,1,LED,LED_D3.0mm,,,,tht,Light emitting diode,,,,,,,,,,,,,,,,,,,,
"D2, D3",2,40V 2A,SK55-DO214AA,,,,smt,Diode,D,1=K 2=A,,,,,,,,,,,,,,,,,,
J1,1,Barrel_Jack,BarrelJack_Wuerth_6941xx301002,,,,tht,DC Barrel Jack with an internal switch,,,,,,,,,,,,,,,,,,,,
J2,1,Conn_01x06_Pin,PinHeader_1x06_P2.54mm_Vertical,,,,tht,"Generic connector, single row, 01x06, script generated",,,,,,,,,,,,,,,,,,,,
"J4, J5",2,Conn_01x03_Pin,PinHeader_1x03_P2.54mm_Vertical,,,,tht,"Generic connector, single row, 01x03, script generated",,,,,,,,,,,,,,,,,,,,
"R1, R3",2,10K,R_0805_2012Metric_Pad1.20x1.40mm_HandSolder,,,,smt,Resistor,,,,,,,,,,,,,,,,,,,,
R2,1,390,R_0805_2012Metric_Pad1.20x1.40mm_HandSolder,,,,smt,Resistor,,,,,,,,,,,,,,,,,,,,
R4,1,220,R_0805_2012Metric_Pad1.20x1.40mm_HandSolder,,,,smt,Resistor,,,,,,,,,,,,,,,,,,,,
R5,1,470,R_0805_2012Metric_Pad1.20x1.40mm_HandSolder,,,,smt,Resistor,,,,,,,,,,,,,,,,,,,,
S1,1,Slide Switch,PinHeader_1x03_P2.54mm_Vertical,,EG1218,,tht,SWITCH SLIDE SPDT 200MA 30V,,,EG1903-ND,Switches,Slide Switches,http://spec_sheets.e-switch.com/specs/P040040.pdf,/product-detail/en/e-switch/EG1218/EG1903-ND/101726,SWITCH SLIDE SPDT 200MA 30V,E-Switch,Active,,,,,,,,,,
"SW1, SW2",2,SW_SPST,SW_SPST_PTS645,,,,smt,Single Pole Single Throw (SPST) switch,,,,,,,,,,,,,,,,,,,,
U1,1,ESP32-WROOM-32E,XCVR_ESP32-WROOM-32E__4MB_,,,,smt,"RF Module, ESP32-D0WD-V3 SoC, without PSRAM, Wi-Fi 802.11b/g/n, Bluetooth, BLE, 32-bit, 2.7-3.6V, onboard antenna, SMD",,,,,,,,,,,,,,,,,,,,
U2,1,AD5231BRUZ10,SOP65P640X120-16N,TSSOP-16,AD5231BRUZ10,,smt,,,,,,,,,"
Nonvolatile Memory, 1024-Position Digital Potentiometer
",,,Analog Devices,None,1661080,https://www.snapeda.com/parts/AD5231BRUZ10/Analog+Devices/view-part/?ref=snap,AD5231BRUZ10,https://www.snapeda.com/api/url_track_click_mouser/?unipart_id=277812&manufacturer=Analog Devices&part_name=AD5231BRUZ10&search_term=ad5231bruz10,Analog Devices,59K3681,In Stock,https://www.snapeda.com/parts/AD5231BRUZ10/Analog+Devices/view-part/?ref=eda
U3,1,LM317_SOT-223,SOT-223-3_TabPin2,,,,smt,"1.5A 35V Adjustable Linear Regulator, SOT-223",,,,,,,,,,,,,,,,,,,,
